Name,SBQQ__Active__c,SBQQ__CheckPriorPurchases__c,SBQQ__OptionConstraintGroup__c,SBQQ__Type__c,SBQQ__ConfiguredSKU__r.Name,SBQQ__ConstrainedOption__r.$$SBQQ__ConfiguredSKU__r.Name$SBQQ__ProductName__c$Name,SBQQ__ConstrainingOption__r.$$SBQQ__ConfiguredSKU__r.Name$SBQQ__ProductName__c$Name
AL Exclusion: Single Sign-On/LDAP excludes Distributed Search,true,false,,Exclusion,SmartBytes Bundle - Complete Solution,SmartBytes Bundle - Complete Solution;Distributed Search;PO-000020,SmartBytes Bundle - Complete Solution;Single Sign-On/LDAP;PO-000010
AL Exclusion: Single Sign-On/LDAP excludes Clustering,true,false,,Exclusion,SmartBytes Bundle - Complete Solution,SmartBytes Bundle - Complete Solution;Clustering;PO-000009,SmartBytes Bundle - Complete Solution;Single Sign-On/LDAP;PO-000010
AL Dependency: Disaster Recovery constrains Distributed Search,true,false,SBAddOnDependency,Dependency,SmartBytes Bundle - Complete Solution,SmartBytes Bundle - Complete Solution;Distributed Search;PO-000020,SmartBytes Bundle - Complete Solution;Disaster Recovery;PO-000019
AL Dependency: Disaster Recovery constrains Clustering,true,false,,Dependency,SmartBytes Bundle - Complete Solution,SmartBytes Bundle - Complete Solution;Clustering;PO-000009,SmartBytes Bundle - Complete Solution;Disaster Recovery;PO-000019
AL Exclusion: Paid Data constrains Unlimited Data,true,false,,Exclusion,SmartBytes Bundle - Complete Solution,SmartBytes Bundle - Complete Solution;Unlimited Data per Day;PO-000022,SmartBytes Bundle - Complete Solution;Paid Data Plan;PO-000004
AL Exclusion: Clustering constrains Distributed Search,true,false,,Exclusion,SmartBytes Bundle - Complete Solution,SmartBytes Bundle - Complete Solution;Distributed Search;PO-000020,SmartBytes Bundle - Complete Solution;Clustering;PO-000009
AL Exclusion: Fundamentals constrains Essentials Training,true,false,,Exclusion,SmartBytes Bundle - Complete Solution,SmartBytes Bundle - Complete Solution;SmartBytes Fundamentals Training;PO-000011,SmartBytes Bundle - Complete Solution;SmartBytes Essentials Training;PO-000025
AL Dependency: Disaster Recovery constrains Single Sign On,true,false,SBAddOnDependency,Dependency,SmartBytes Bundle - Complete Solution,SmartBytes Bundle - Complete Solution;Single Sign-On/LDAP;PO-000010,SmartBytes Bundle - Complete Solution;Disaster Recovery;PO-000019
