Id,Name,SBQQ__Active__c,SBQQ__CheckPriorPurchases__c,SBQQ__ConfiguredSKU__c,SBQQ__ConstrainedOption__c,SBQQ__ConstrainingOption__c,SBQQ__OptionConstraintGroup__c,SBQQ__Type__c,SBQQ__ConfiguredSKU__r.Id,SBQQ__ConfiguredSKU__r.Name,SBQQ__ConstrainedOption__r.Id,SBQQ__ConstrainingOption__r.Id,SBQQ__ConstrainedOption__r.$$SBQQ__ConfiguredSKU__r.Name$SBQQ__ProductName__c$Name,SBQQ__ConstrainingOption__r.$$SBQQ__ConfiguredSKU__r.Name$SBQQ__ProductName__c$Name
a0X3G000000JlxxUAC,AL Exclusion: Paid Data constrains Unlimited Data,true,false,01t3G000000sNNwQAM,a0o3G000000371EQAQ,a0o3G000000370wQAA,,Exclusion,01t3G000000sNNwQAM,SmartBytes Bundle - Complete Solution,a0o3G000000371EQAQ,a0o3G000000370wQAA,SmartBytes Bundle - Complete Solution;Unlimited Data per Day;PO-000022,SmartBytes Bundle - Complete Solution;Paid Data Plan;PO-000004
a0X3G000000JlxyUAC,AL Exclusion: Clustering constrains Distributed Search,true,false,01t3G000000sNNwQAM,a0o3G000000371CQAQ,a0o3G0000003711QAA,,Exclusion,01t3G000000sNNwQAM,SmartBytes Bundle - Complete Solution,a0o3G000000371CQAQ,a0o3G0000003711QAA,SmartBytes Bundle - Complete Solution;Distributed Search;PO-000020,SmartBytes Bundle - Complete Solution;Clustering;PO-000009
a0X3G000000JlxzUAC,AL Exclusion: Fundamentals constrains Essentials Training,true,false,01t3G000000sNNwQAM,a0o3G0000003713QAA,a0o3G000000371HQAQ,,Exclusion,01t3G000000sNNwQAM,SmartBytes Bundle - Complete Solution,a0o3G0000003713QAA,a0o3G000000371HQAQ,SmartBytes Bundle - Complete Solution;SmartBytes Fundamentals Training;PO-000011,SmartBytes Bundle - Complete Solution;SmartBytes Essentials Training;PO-000025
a0X3G000000Jly0UAC,AL Dependency: Disaster Recovery constrains Single Sign On,true,false,01t3G000000sNNwQAM,a0o3G0000003712QAA,a0o3G000000371BQAQ,SBAddOnDependency,Dependency,01t3G000000sNNwQAM,SmartBytes Bundle - Complete Solution,a0o3G0000003712QAA,a0o3G000000371BQAQ,SmartBytes Bundle - Complete Solution;Single Sign-On/LDAP;PO-000010,SmartBytes Bundle - Complete Solution;Disaster Recovery;PO-000019
a0X3G000000Jly1UAC,AL Exclusion: Single Sign-On/LDAP excludes Distributed Search,true,false,01t3G000000sNNwQAM,a0o3G000000371CQAQ,a0o3G0000003712QAA,,Exclusion,01t3G000000sNNwQAM,SmartBytes Bundle - Complete Solution,a0o3G000000371CQAQ,a0o3G0000003712QAA,SmartBytes Bundle - Complete Solution;Distributed Search;PO-000020,SmartBytes Bundle - Complete Solution;Single Sign-On/LDAP;PO-000010
a0X3G000000Jly2UAC,AL Exclusion: Single Sign-On/LDAP excludes Clustering,true,false,01t3G000000sNNwQAM,a0o3G0000003711QAA,a0o3G0000003712QAA,,Exclusion,01t3G000000sNNwQAM,SmartBytes Bundle - Complete Solution,a0o3G0000003711QAA,a0o3G0000003712QAA,SmartBytes Bundle - Complete Solution;Clustering;PO-000009,SmartBytes Bundle - Complete Solution;Single Sign-On/LDAP;PO-000010
a0X3G000000Jly3UAC,AL Dependency: Disaster Recovery constrains Distributed Search,true,false,01t3G000000sNNwQAM,a0o3G000000371CQAQ,a0o3G000000371BQAQ,SBAddOnDependency,Dependency,01t3G000000sNNwQAM,SmartBytes Bundle - Complete Solution,a0o3G000000371CQAQ,a0o3G000000371BQAQ,SmartBytes Bundle - Complete Solution;Distributed Search;PO-000020,SmartBytes Bundle - Complete Solution;Disaster Recovery;PO-000019
a0X3G000000Jly4UAC,AL Dependency: Disaster Recovery constrains Clustering,true,false,01t3G000000sNNwQAM,a0o3G0000003711QAA,a0o3G000000371BQAQ,,Dependency,01t3G000000sNNwQAM,SmartBytes Bundle - Complete Solution,a0o3G0000003711QAA,a0o3G000000371BQAQ,SmartBytes Bundle - Complete Solution;Clustering;PO-000009,SmartBytes Bundle - Complete Solution;Disaster Recovery;PO-000019
